credit_score,debt_to_income_ratio,annual_income,number_of_late_payments,bankruptcies,requested_loan_amount,is_creditworthy,approved_loan_amount
669,0.34783532770340747,27800.0,0,0,18105,1,6564
729,0.18480352470853842,54400.0,0,0,32449,1,13996
844,0.3584023369884185,45400.0,0,0,19639,1,13523
590,0.31288852074462215,59200.0,0,0,32268,1,12327
572,0.44633176906835387,56600.0,1,0,28522,1,11426
612,0.4563737426009131,21600.0,1,0,13395,1,4665
555,0.17076029186275066,43400.0,1,0,21363,1,8501
657,0.04897430670146652,49600.0,0,1,15892,0,0
646,0.19976299513013815,23600.0,0,0,41427,1,5380
731,0.3925505663572695,47100.0,1,1,48443,0,0
657,0.32709344606103297,47100.0,0,0,12236,1,10921
703,0.15682541070578693,64700.0,0,1,22689,0,0
623,0.17289637078310344,11300.0,2,0,49114,0,0
694,0.2230552023546567,31500.0,1,0,41421,1,7715
654,0.3742493481287542,26300.0,0,0,42017,1,6070
622,0.41652345066384044,39200.0,0,0,24274,1,8605
668,0.4247562865463771,47700.0,0,0,6832,1,11245
632,0.29107119659073,31500.0,1,0,12332,0,0
577,0.43893488143275505,56900.0,0,0,5819,0,0
648,0.535516593305828,26900.0,0,0,41307,1,6152
634,0.21126429167462552,75600.0,0,0,7406,1,16916
590,0.28132121286094736,57800.0,1,1,49816,0,0
692,0.42057195770643874,43800.0,1,0,47626,1,10697
710,0.2679829272432229,35600.0,0,0,38572,1,8920
665,0.3602567583148412,47800.0,1,0,45552,0,0
501,0.17875525719672727,93800.0,1,0,42014,0,0
644,0.5214987938144443,64800.0,0,0,11023,0,0
618,0.3070470890647113,50100.0,1,0,28413,1,10927
730,0.6808886686816338,38700.0,0,0,29635,0,0
734,0.01741747661491594,54400.0,0,0,8413,1,14092
645,0.1590180320508967,57300.0,0,0,21392,1,13044
642,0.3320969866101333,36000.0,1,0,37423,0,0
756,0.44529347344566317,50600.0,1,0,27429,0,0
699,0.5086355244277913,91700.0,0,0,12230,0,0
633,0.17535748253834432,51000.0,1,0,39627,0,0
635,0.17778238080145536,62800.0,0,0,41444,0,0
690,0.5162352930986851,60600.0,0,0,38772,1,14757
707,0.19788835881441696,38500.0,0,0,20991,1,9606
661,0.31434306688340885,67800.0,2,0,38477,0,0
631,0.3500493157930422,59600.0,0,0,31956,1,13273
774,0.6965357375097825,53600.0,0,0,46650,0,0
724,0.3785929000661691,100800.0,0,0,25349,0,0
633,0.2590914645378494,45100.0,0,0,49859,1,10075
807,0.013311948015896413,22700.0,0,0,11985,1,6465
749,0.27240957668865323,52200.0,0,0,31777,1,13799
706,0.14201119190325057,60000.0,0,0,8847,1,14950
563,0.5647030401394078,16600.0,0,0,47680,1,3298
624,0.46549528230247816,49200.0,0,0,36104,1,10835
645,0.31901897395207046,76900.0,1,0,22241,1,17506
707,0.26661877917432897,52900.0,0,0,12290,1,13200
576,0.1426757498877486,57500.0,1,0,48117,1,11689
668,0.43953800189303116,66100.0,1,0,40790,1,15584
720,0.311948678629138,-4200.0,0,0,32713,1,-1067
611,0.2963584080162087,71300.0,0,0,18333,1,15375
592,0.2751415420280077,25900.0,1,0,32348,0,0
638,0.2256046430510294,51500.0,0,1,45384,0,0
622,0.20808169642734206,36700.0,0,0,37553,0,0
589,0.0,49800.0,1,0,12080,0,0
660,0.2749322879524718,31000.0,0,1,33431,0,0
760,0.33740755255661325,23000.0,0,0,12486,1,6169
598,0.6030602945523168,69500.0,1,0,26084,0,0
701,0.1914844778839762,73300.0,1,0,37599,1,18135
660,0.11763699387491244,62800.0,0,1,13345,0,0
580,0.36669827785004383,80000.0,2,1,45851,0,0
818,0.23950657470403194,44700.0,0,0,10972,1,12905
669,0.3934964709981906,69800.0,1,0,8605,1,16481
767,0.524784725829762,48000.0,0,0,34641,1,12993
637,0.47976674292475285,23800.0,1,0,28129,1,5350
687,0.21408473631772112,17300.0,0,1,13143,0,0
776,0.27907417867701434,32100.0,0,0,22849,1,8791
587,0.44933228780434176,47000.0,0,0,36742,1,9737
563,0.30663657813356604,39700.0,0,0,5782,1,7888
575,0.37551436239028163,19100.0,1,1,16488,0,0
676,0.29598084800465047,47900.0,0,0,34603,1,11428
735,0.33092864730439897,43300.0,0,0,33359,1,11232
628,0.0,67500.0,3,0,28698,0,0
632,0.3863203001241645,63600.0,1,0,28951,1,14186
575,0.5338019865133474,35700.0,1,0,21807,1,7245
617,0.36195848006792736,100900.0,1,0,33073,1,21972
735,0.18976343782833005,60500.0,1,0,9684,1,15694
596,0.19330520628591935,28000.0,0,0,35126,1,5889
741,0.3170100094908907,49800.0,1,0,22969,0,0
597,0.41701172695748745,51500.0,0,0,22140,1,10851
708,0.05984710534473714,33000.0,3,0,23134,0,0
648,0.29863215050336944,50600.0,0,0,11082,1,11572
565,0.0036800150469192827,51300.0,0,0,32877,0,0
756,0.4281690940192041,35800.0,2,0,20940,1,9552
745,0.28472763869556456,58400.0,1,0,6918,1,15355
701,0.6327632136172091,49800.0,0,0,47427,0,0
691,0.24303639900296367,46000.0,0,0,49472,1,11218
479,0.38630544407885625,71900.0,1,0,28159,0,0
628,0.282389871126756,45800.0,0,0,6968,0,0
634,0.005046511593599756,29100.0,2,0,42889,1,6511
771,0.24532991062196566,47100.0,0,0,32537,1,12816
664,0.1715540145835276,53300.0,1,0,41680,1,12491
671,0.0,63700.0,0,0,22341,1,15085
620,0.16874618885156326,57900.0,0,0,32156,1,12669
638,0.21732214255071997,65600.0,0,0,14927,1,14771
557,0.4584982925659188,31900.0,0,0,31391,1,6271
636,0.27075821873565625,70700.0,0,0,12150,1,15870
581,0.3182257517102573,57100.0,0,0,26940,0,0
654,0.4326068094541574,1500.0,1,0,30439,1,346
598,0.47471090316857567,17700.0,1,0,8677,1,3735
693,0.4355902261629293,58700.0,1,0,19859,1,14357
760,0.3689245959106038,30500.0,0,0,34555,1,8181
781,0.084258303252395,52300.0,1,0,45776,0,0
611,0.31344933766623895,41500.0,1,0,33560,0,0
775,0.261712208684662,26200.0,1,0,26202,1,7166
688,0.0,48200.0,0,0,32941,1,11704
567,0.29637065904136256,58100.0,1,0,28069,1,11626
697,0.5165994998361818,39900.0,0,0,29599,1,9815
699,0.28642000765437586,39300.0,2,0,44273,0,0
518,0.31377971184727405,31800.0,2,1,33177,0,0
674,0.4192607425208676,39900.0,0,0,7910,1,9491
622,0.33615727156622477,39600.0,1,0,40403,1,8693
713,0.0375033188671805,45800.0,0,0,33013,1,11525
670,0.0,24200.0,0,0,8919,1,5722
622,0.0,52100.0,0,0,37329,1,11437
762,0.3220189517978324,40300.0,0,0,8608,1,10838
643,0.36629109743541133,53400.0,0,0,29028,0,0
512,0.20316458570272866,16100.0,0,0,31562,0,0
644,0.0,31400.0,2,0,5301,1,7137
782,0.1224890717600203,72200.0,0,0,23636,1,19927
621,0.233457254322442,33200.0,0,0,22348,1,7276
634,0.12295605906151594,53700.0,0,0,12435,1,12016
670,0.650124537019056,45900.0,0,0,48381,0,0
602,0.0,38100.0,1,0,28509,1,8095
646,0.7706622800489991,7300.0,0,0,43113,0,0
700,0.17251206814670308,28000.0,1,0,40702,1,6917
686,0.42849256569385163,39300.0,1,0,8494,1,9515
517,0.25380577055414394,34200.0,0,0,15457,0,0
694,0.27092607918407946,66600.0,1,0,33115,0,0
724,0.1539680700443297,66100.0,0,0,40235,1,16890
701,0.4688381656560516,32800.0,2,0,46857,1,8115
656,0.48541960827093267,69300.0,1,0,39685,0,0
715,0.10108574114297156,54400.0,0,0,19203,1,13728
588,0.18578886850727924,81000.0,0,0,5869,0,0
648,0.27134583560997466,-1200.0,1,0,5762,1,-274
657,0.21395973406546487,42900.0,0,0,40116,1,9947
767,0.2730563999647144,42100.0,0,0,11336,1,11396
559,0.5119492133440244,57900.0,2,0,33391,1,11423
657,0.1821480605082006,70700.0,0,0,7249,1,16394
653,0.3556641076970883,59000.0,0,0,20976,1,13597
633,0.2523329093495895,71000.0,0,0,46678,0,0
639,0.13737129134665127,36100.0,0,0,6467,0,0
521,0.08403386803348734,65700.0,0,0,44004,0,0
763,0.38766194707087265,52100.0,0,0,31600,0,0
586,0.5077723387818486,22400.0,0,0,17711,1,4632
598,0.0,63800.0,0,0,45321,1,13465
553,0.2435735095827467,37700.0,1,0,17098,1,7358
751,0.27804864695177456,59500.0,2,0,41318,0,0
482,0.4406340183307147,71200.0,1,0,27548,0,0
577,0.5891354077767292,95800.0,1,0,33119,1,19509
646,0.4023089262865201,23100.0,0,0,8776,1,5266
668,0.2939222474946312,53300.0,1,0,48680,0,0
662,0.10687214609110521,56800.0,0,0,46648,0,0
706,0.5010691577685522,83500.0,0,0,25208,1,20806
589,0.34151901739879326,45700.0,0,0,38273,0,0
668,0.2979425850950598,84000.0,1,0,38242,0,0
761,0.4046665351516819,45100.0,1,0,49444,0,0
620,0.24905975482674492,22500.0,0,0,31948,0,0
701,0.2954144754873757,40500.0,1,0,18941,0,0
688,0.10163130648846447,23000.0,0,0,42299,1,5584
793,0.37240318308138187,68400.0,2,0,29361,1,19143
587,0.5750883978290675,72400.0,0,0,35554,1,14999
647,0.14073284190599208,37600.0,2,0,35296,1,8586
723,0.15890326535386287,64500.0,0,0,44715,1,16458
630,0.19527067003625864,46300.0,0,0,49873,1,10294
607,0.12155000113644579,37300.0,0,0,29678,0,0
569,0.3621971977657174,77900.0,2,0,34435,1,15644
590,0.35968905749202135,29300.0,0,0,25284,1,6101
592,0.29207579931378463,52000.0,1,0,21575,1,10864
563,0.3737313181315964,43300.0,2,0,9271,1,8603
578,0.39187031910204034,65100.0,1,0,33068,1,13280
744,0.07086442592860107,15000.0,0,0,33488,1,3938
650,0.0,44000.0,0,0,34188,0,0
789,0.5527521418062764,74600.0,1,0,31302,1,20773
623,0.25494273892203434,53400.0,1,0,41118,1,11741
613,0.4230516018918684,55100.0,0,0,17085,0,0
688,0.3030818068331572,56700.0,1,0,8441,1,13768
755,0.4274452502639801,60700.0,1,0,21371,0,0
735,0.4022536034855707,72600.0,0,0,10265,1,18833
653,0.0,58700.0,0,0,17538,0,0
737,0.42430641528298757,54300.0,1,0,14819,1,14124
503,0.4843470753733593,60700.0,1,0,36611,0,0
634,0.3179253781897023,87700.0,0,0,33184,0,0
610,0.34309933566045137,44300.0,0,0,39774,0,0
757,0.31708041004645254,64900.0,1,0,47622,1,17339
505,0.3973680210089905,45000.0,0,0,49318,0,0
534,0.34475877698494567,28100.0,0,0,40289,0,0
738,0.3863008296173377,42100.0,1,0,12800,1,10965
713,0.28970489308717967,11800.0,0,0,16427,1,2969
756,0.6617515013367632,27400.0,1,0,40710,0,0
621,0.1709422483830747,11800.0,2,0,41257,1,2586
611,0.17229443245307832,48600.0,0,0,28920,0,0
770,0.25313673127574265,27100.0,0,0,23144,1,7364
629,0.4795870385467842,58500.0,0,0,12032,0,0
588,0.3421832327214689,39200.0,0,0,6937,1,8135
667,0.27973360992137425,69000.0,0,0,17239,0,0
633,0.1891474694968278,27600.0,0,0,35962,0,0
492,0.12721974231198388,58900.0,1,0,12183,0,0
574,0.2906167371017439,49200.0,2,0,36397,1,9967
652,0.1926494979423541,51200.0,0,0,9291,1,11782
675,0.15406186710131295,29800.0,2,0,21248,1,7099
686,0.17107499402997348,81400.0,1,0,22864,0,0
736,0.0,54900.0,1,0,24333,0,0
713,0.1984507292312203,31000.0,0,0,34751,1,7801
675,0.39136479096640714,26700.0,0,0,48438,0,0
663,0.5926713072446692,82400.0,1,0,18854,1,19281
634,0.3760701734317903,19200.0,1,0,46591,1,4296
694,0.25280045739798285,63700.0,0,0,29699,1,15602
647,0.21073448420284147,22200.0,0,0,43680,1,5069
539,0.18525821386825744,77000.0,0,0,15464,0,0
714,0.7026518613634967,74800.0,0,0,28544,0,0
761,0.06814053199639003,68300.0,0,0,5942,1,18344
707,0.3279731930950426,62500.0,0,0,34614,1,15595
635,0.1971002937420868,8700.0,0,0,16811,1,1949
591,0.24576171291366106,33300.0,0,0,35527,1,6945
597,0.23395548193386623,34600.0,2,0,44381,1,7290
663,0.22608409076355945,48000.0,1,0,20819,1,11232
620,0.0966705750635598,46500.0,1,0,23636,1,10175
680,0.29388082653225583,45300.0,1,0,15987,1,10872
653,0.20674476656416685,33400.0,0,0,18347,0,0
672,0.31794003940006565,17200.0,1,0,23694,0,0
552,0.3761131391749933,52200.0,0,0,17627,1,10169
672,0.3076796852821628,50900.0,0,0,13155,1,12072
603,0.6116515699379165,39000.0,0,0,30901,0,0
734,0.09626824972107065,101400.0,1,0,16759,1,26268
719,0.3179335386897727,13100.0,1,0,33893,0,0
680,0.15317861838014082,54600.0,1,0,31534,0,0
743,0.3141186401683914,20200.0,1,0,5852,1,5297
793,0.2658785610069888,56700.0,2,0,39463,1,15869
553,0.2573767353106804,30300.0,0,0,13938,1,5913
544,0.19608677134529362,76800.0,1,0,39409,0,0
661,0.3546210444081992,53000.0,1,0,41537,1,12364
551,0.32668752105148086,34800.0,1,0,31002,1,6767
619,0.0,34700.0,0,0,36283,1,7580
559,0.31963402319156936,48200.0,0,0,28852,1,9509
664,0.36047868161407826,33200.0,0,0,14883,0,0
652,0.2567411699549551,53000.0,0,0,7422,0,0
663,0.17686632907414931,48100.0,1,0,40212,1,11255
671,0.39711133178622043,41700.0,0,0,21347,1,9875
738,0.41916568619982914,62300.0,1,0,39239,0,0
546,0.27469167327040944,84200.0,1,0,47863,0,0
579,0.392093761240622,31300.0,0,0,48004,1,6396
742,0.27987822356003134,61100.0,2,0,30283,1,16001
630,0.13734431873143157,56000.0,0,0,28278,1,12451
599,0.27730511696512167,42700.0,0,0,48462,0,0
617,0.3182722058662287,70100.0,2,0,16567,1,15265
727,0.1689647199164163,49500.0,0,0,42482,1,12701
624,0.4969353980879675,59100.0,1,0,26811,0,0
779,0.3822479441331748,48300.0,0,0,34848,1,13279
678,0.28911865151471405,88200.0,0,0,43454,1,21105
565,0.27835680860448897,51900.0,0,0,43607,1,10349
607,0.4153259513953345,51000.0,1,0,39299,1,10926
505,0.526207138712873,72300.0,0,0,17453,0,0
732,0.2707985006463004,61000.0,0,0,8843,1,15759
596,0.3565638140613714,97800.0,1,0,6640,0,0
634,0.5625916126846403,57600.0,1,0,49696,1,12888
570,0.3211511219548555,13500.0,0,0,29588,0,0
745,0.4717139417178446,53900.0,0,0,44592,1,14172
663,0.34777815071983115,31000.0,3,0,43127,0,0
471,0.44915041198168926,38300.0,1,0,14682,0,0
581,0.421680529179401,63000.0,1,0,19679,1,12918
639,0.6175120232219475,28300.0,0,0,31901,0,0
724,0.5484312378085943,35300.0,0,0,25559,1,9020
583,0.4619521807083564,65900.0,0,0,18089,1,13559
639,0.20941648265163212,31000.0,1,0,25715,1,6991
616,0.2236179956101298,55600.0,0,0,40639,1,12088
718,0.30317522166222893,67900.0,1,0,11953,1,17206
705,0.13109190586334246,32900.0,0,0,37992,1,8186
649,0.029420581115645272,56500.0,1,0,12670,1,12941
586,0.0,53500.0,0,0,36813,1,11065
581,0.06235741610600354,43800.0,1,0,35949,0,0
579,0.11683838038678987,18500.0,1,0,32329,0,0
546,0.39084093489469696,80200.0,0,0,14609,0,0
634,0.2636056818299765,50100.0,0,0,5566,1,11210
735,0.249517111518274,53100.0,2,0,46179,0,0
618,0.3221026909714867,85800.0,0,0,46748,1,18714
612,0.4369638045794669,20100.0,1,0,18344,0,0
655,0.36577526543486066,40000.0,0,0,16586,0,0
672,0.3877949154774507,52900.0,0,1,8373,0,0
702,0.14212798845053806,15200.0,1,0,24210,1,3766
722,0.07052506376950946,36100.0,1,0,37208,1,9199
732,0.21576633805040618,54500.0,1,0,32258,1,14080
615,0.25212451280961085,54000.0,0,0,6197,1,11721
589,0.3780569588827678,81100.0,0,0,19504,1,16859
566,0.413484701236971,40800.0,0,1,15002,0,0
752,0.4013264996519678,25300.0,0,0,32615,0,0
708,0.38769595474036783,30300.0,1,0,12422,0,0
646,0.4716439602839908,73600.0,0,0,10931,1,16780
544,0.24138623804032194,60100.0,0,0,46049,0,0
579,0.15507649149443745,67500.0,0,0,41885,1,13793
751,0.11562246032993756,67000.0,1,0,49162,1,17758
664,0.4247425179270605,38700.0,1,0,8181,1,9069
711,0.24929429386350807,52000.0,1,0,25235,1,13048
653,0.22314386389849594,78800.0,1,0,14484,0,0
608,0.480113844230536,43900.0,0,0,44103,1,9420
669,0.6957262884930899,45300.0,0,0,33032,0,0
663,0.40313465279912053,36200.0,0,0,34161,0,0
633,0.4658749599442069,63900.0,0,0,9663,1,14276
671,0.45959151693420947,44500.0,0,0,36013,1,10538
669,0.39147773156994226,39000.0,0,0,36561,0,0
652,0.616852456422863,9300.0,1,0,8280,0,0
654,0.3260230459840633,62300.0,3,0,5716,1,14380
699,0.34323436955179426,38200.0,1,0,26354,1,9424
734,0.2508394274598001,71600.0,1,0,49024,1,18548
701,0.37441385071153094,38300.0,0,0,39178,0,0
552,0.24954924695482308,48900.0,0,0,45766,0,0
720,0.27017253847235234,63600.0,0,0,32128,1,16161
593,0.18618521130969373,40600.0,1,0,44416,1,8497
710,0.32233152058765363,60600.0,0,0,34229,1,15185
662,0.2520639662563744,14800.0,0,0,21204,0,0
647,0.44574143448770803,51100.0,0,0,11903,1,11668
593,0.23325785543067457,57600.0,0,0,22269,1,12055
656,0.3548864006872241,67800.0,0,0,20186,0,0
714,0.45392130666029484,48600.0,1,0,34372,0,0
579,0.3281872066787876,77700.0,0,0,44064,1,15878
611,0.1966896423074208,70700.0,0,0,17124,0,0
584,0.39211143345736377,13200.0,1,1,22386,0,0
524,0.1727901602954237,66200.0,0,1,31831,0,0
578,0.2207055762599734,58300.0,1,0,46217,1,11893
687,0.3319297884790693,86000.0,0,0,34193,1,20852
701,0.29669477039935943,8500.0,0,0,14372,1,2103
707,0.18770329462270235,42400.0,0,0,40298,1,10580
673,0.3151186608967209,54000.0,0,0,11480,1,12826
522,0.19296229951392363,51700.0,2,0,36604,0,0
631,0.181742082919649,23800.0,0,0,33344,1,5300
661,0.2957461606113939,75100.0,0,1,32345,0,0
693,0.4422762814895296,24500.0,0,0,33229,1,5992
716,0.3671794991398921,55000.0,1,0,20137,1,13898
592,0.4819499046375297,71200.0,0,0,32353,1,14876
735,0.22837138665931955,59800.0,1,0,27636,1,15512
580,0.31263015125090576,-7700.0,1,0,25085,1,-1576
605,0.0780227279343042,52100.0,0,0,10095,1,11124
740,0.27249984847488223,42700.0,0,0,32089,1,11152
555,0.16595782475159193,49900.0,0,0,30187,1,9774
638,0.22821379627312274,75300.0,0,0,33520,0,0
727,0.3562753521087703,92300.0,0,0,30284,1,23683
601,0.22135758856351817,72400.0,0,0,42068,1,15357
747,0.42157462487254005,29800.0,0,0,34900,1,7856
690,0.44570896532146437,47100.0,2,0,12839,1,11470
805,0.2913471595653966,35500.0,1,0,12061,0,0
729,0.22695355497179898,46800.0,0,0,35976,1,12041
548,0.25080952164337417,42600.0,1,0,26471,0,0
692,0.41095132021767505,58600.0,0,0,45685,0,0
717,0.44730493743597166,25700.0,1,0,32109,0,0
610,0.5121921927211662,21600.0,0,0,20133,1,4650
731,0.09956857492776536,48800.0,2,0,41301,0,0
698,0.20741816300280574,36300.0,0,0,22071,1,8942
790,0.3294835166549373,46500.0,0,0,25056,1,12965
716,0.4740989833201458,10700.0,1,0,25104,0,0
652,0.0,62400.0,1,0,30967,1,14359
657,0.13423990262100383,42000.0,0,0,47610,0,0
697,0.26218860511350395,34300.0,0,0,14370,0,0
604,0.2670532476699368,37700.0,0,0,49294,1,8036
636,0.4835923129719007,42900.0,0,0,46969,0,0
653,0.41561532096527076,35200.0,3,0,10895,1,8112
574,0.5963603802108963,51900.0,0,0,31555,0,0
645,0.21307041336358762,54000.0,0,0,37415,0,0
620,0.3275699059490144,65400.0,0,0,26541,1,14311
732,0.40070960570119274,36200.0,0,0,34503,1,9352
527,0.4140759179376214,31100.0,0,0,16808,0,0
585,0.2917832459491762,17600.0,1,0,31665,1,3633
617,0.36766323187583494,2200.0,0,0,10067,1,479
652,0.12280697899907611,20100.0,1,0,45278,1,4625
594,0.36529947543965113,49500.0,1,0,43402,1,10377
624,0.05643921268241556,57700.0,0,0,6054,1,12707
722,0.3112039299889891,46200.0,0,1,12133,0,0
641,0.4351393851375813,21400.0,0,0,34470,1,4841
698,0.056492620508813485,54100.0,0,0,47481,1,13327
665,0.4562775915479643,80600.0,0,0,26606,1,18917
604,0.3054275915934905,30500.0,0,0,49419,1,6501
780,0.2580427066019441,37000.0,0,0,31328,1,10185
645,0.5798766828427906,20900.0,0,0,21546,0,0
610,0.4842045314412202,74900.0,0,0,11039,1,16125
658,0.3925118178023418,59400.0,0,0,46121,1,13794
721,0.2428780451781421,72000.0,0,0,7439,1,18321
680,0.2354942991858543,54400.0,2,1,17430,0,0
558,0.13820647924963872,64200.0,0,0,7537,1,12643
737,0.3662620104566336,83500.0,0,0,13808,1,21719
539,0.2429261346673834,63700.0,1,0,29415,0,0
720,0.48880641872974007,21100.0,0,0,26964,1,5361
661,0.14454526738018567,51900.0,0,0,12921,1,12107
539,0.3836680860604647,58700.0,2,0,37828,0,0
663,0.5217101588279132,29200.0,0,0,39018,1,6832
707,0.04575398422250809,67300.0,1,0,17484,1,16793
655,0.42816030016810797,42700.0,0,0,38625,1,9871
579,0.37028336535885076,82100.0,1,0,29938,1,16777
680,0.18100585022229326,81600.0,1,0,25820,1,19584
842,0.4064660139667684,59600.0,1,0,5617,1,17711
682,0.31545024243054165,45500.0,0,0,34161,1,10952
610,0.4634857438636245,8500.0,0,0,20387,0,0
606,0.2266511565632287,94200.0,0,0,24417,0,0
692,0.3082890938725714,18700.0,0,0,10648,0,0
586,0.41797352399525867,57200.0,0,0,36409,1,11830
624,0.2551769866456194,69200.0,1,0,38712,1,15240
523,0.09587613280459487,18200.0,0,0,30704,0,0
526,0.07738113342594141,65900.0,0,0,41498,0,0
756,0.25485928963576227,67500.0,1,0,39763,1,18010
576,0.30408834485408687,41900.0,3,0,8554,1,8518
595,0.4195249417213708,63700.0,0,0,46168,0,0
548,0.25220756366591407,14700.0,0,0,17292,0,0
589,0.26873376561461004,21200.0,0,0,18521,1,4407
808,0.12683255114343125,66800.0,0,0,43295,1,19049
645,0.4026641640627463,67600.0,0,0,48211,1,15388
560,0.0012169102092898787,62500.0,0,0,19904,1,12352
617,0.24484465106733194,15300.0,0,0,24949,1,3331
549,0.6086716765646643,51300.0,1,0,26722,0,0
642,0.2941313049669971,33200.0,0,0,22831,0,0
640,0.37402740528043177,60700.0,1,0,13156,1,13711
466,0.20569946294537095,80000.0,2,0,17966,0,0
658,0.08362756116105799,32000.0,1,0,35761,1,7431
625,0.25099821511365195,31700.0,0,0,38003,0,0
513,0.3420186003629453,55900.0,1,0,22583,0,0
636,0.26570953565265504,61600.0,0,0,32216,0,0
660,0.5538519858694807,48300.0,0,0,40858,1,11251
655,0.4880498380729467,56000.0,0,0,6814,1,12945
759,0.0669160493328686,40200.0,0,0,24855,1,10768
753,0.27100436603280453,72200.0,2,0,34097,1,19188
667,0.4734010004176691,53200.0,0,0,25129,1,12523
521,0.1233357813012963,45700.0,0,0,35187,0,0
697,0.3281700507063783,33800.0,2,0,24076,0,0
676,0.2941256826835861,57300.0,0,0,36408,0,0
712,0.2858229089448348,-4100.0,0,0,40354,1,-1030
561,0.5725133444362657,39100.0,0,1,9548,0,0
615,0.04063512338519243,41100.0,0,0,6601,0,0
660,0.40510404792149235,41900.0,0,0,44783,1,9760
647,0.0,40000.0,0,0,48588,0,0
709,0.024253599793642888,80300.0,2,1,48183,0,0
748,0.06309514509554975,15700.0,0,0,47868,1,4144
733,0.16850561971657785,37200.0,0,0,39918,1,9623
766,0.3570293840267156,11800.0,2,0,35935,0,0
634,0.13262346795355492,20800.0,1,0,42535,1,4654
657,0.060225581987400106,40800.0,0,0,29598,1,9460
734,0.26871857692817,59200.0,1,0,45446,1,15336
850,0.30449843932162807,48100.0,0,1,49424,0,0
605,0.03442782933358829,68600.0,1,0,46755,1,14648
574,0.41381840321590274,75400.0,1,0,45529,1,15275
755,0.440867522940527,71200.0,0,0,26630,1,18972
651,0.5317856569145529,83800.0,1,0,21256,0,0
590,0.21804051344243897,81400.0,0,0,23513,1,16950
609,0.21321393084391976,43400.0,0,0,48408,1,9328
501,0.31128728621495233,-23900.0,0,0,32240,0,0
595,0.23960901882617525,52100.0,0,0,23481,1,10941
656,0.2112834270690841,50100.0,0,0,26163,0,0
642,0.29779507963064966,52500.0,0,0,35218,0,0
615,0.07689601249113856,27500.0,0,0,18418,1,5969
762,0.26494139132224115,64300.0,0,0,42313,1,17292
626,0.6848477362253446,69600.0,0,0,9828,0,0
622,0.33644345281970267,36100.0,2,0,12655,1,7925
685,0.3465815369896406,21400.0,0,0,32346,1,5173
553,0.16708123262795388,60400.0,1,0,25639,1,11788
653,0.017080694407346053,52800.0,0,0,17899,1,12168
721,0.5002929496049082,61500.0,0,0,20670,1,15649
715,0.2374684174413016,50400.0,0,1,28253,0,0
622,0.2723172836721082,48500.0,0,0,27726,0,0
685,0.039251699254328865,52200.0,0,0,11220,1,12620
782,0.09907659502070115,61000.0,0,0,20791,1,16836
715,0.5043607105408288,43900.0,0,0,24265,1,11078
784,0.38505679882278504,56300.0,0,0,13926,1,15578
727,0.5332797801221013,38200.0,0,0,19321,0,0
502,0.20022975155231537,27500.0,0,0,5259,0,0
717,0.2665395282313938,31300.0,2,0,24932,1,7920
556,0.2514792900230901,27100.0,0,0,10737,0,0
713,0.33542136148186513,15600.0,0,0,36048,1,3925
648,0.4608781071265907,71800.0,1,0,21062,1,16421
576,0.0,59100.0,2,1,45196,0,0
732,0.3367435639758006,40900.0,3,0,16930,1,10566
597,0.3052293622993748,83500.0,0,0,47639,1,17593
626,0.6623624088075125,49500.0,2,0,29367,0,0
709,0.43518101707384615,57500.0,0,0,10106,1,14388
716,0.4090750822475365,38000.0,1,0,49390,1,9602
764,0.45626908429727986,61000.0,1,0,12521,1,16448
694,0.21110344591714852,52600.0,0,0,47708,1,12883
744,0.3136098201603329,36400.0,0,0,37139,1,9558
677,0.274272133285654,50700.0,1,1,8413,0,0
719,0.011736592690101855,10400.0,0,0,34048,1,2639
619,0.1978545210875326,45900.0,0,0,42439,1,10027
694,0.18153384889875787,48700.0,0,0,33069,0,0
692,0.5677323598548527,54800.0,0,1,12005,0,0
716,0.4495529567372655,82700.0,2,0,9811,1,20898
491,0.34632789731807295,73700.0,1,0,20859,0,0
530,0.20028936963883964,40400.0,0,0,10753,0,0
565,0.20282309273908591,20200.0,0,0,36487,0,0
534,0.4533653897892239,29200.0,1,0,36290,0,0
646,0.44377979419479224,25100.0,0,0,28883,1,5722
695,0.20000570764820322,40100.0,0,0,7532,1,9836
583,0.0200306297543697,77000.0,0,0,46149,0,0
610,0.14700939928439247,2700.0,0,0,14304,0,0
569,0.33905620027641914,62500.0,0,0,33310,1,12551
695,0.3152378037259561,80400.0,1,0,32988,1,19721
743,0.0,73700.0,0,0,8584,1,19326
690,0.3200683594297658,65100.0,0,0,29188,1,15853
743,0.48647331177936115,76500.0,2,0,15661,1,20061
564,0.42355519460656665,43400.0,0,0,34189,1,8639
747,0.016504680163147767,58400.0,1,0,16022,1,15396
687,0.38686280596101713,62000.0,0,0,19943,0,0
611,0.30562848923897895,65100.0,0,0,29966,1,14038
664,0.15986364643500148,64100.0,0,0,38422,1,15022
666,0.27812555476455886,64100.0,0,0,24527,0,0
604,0.5197815755222072,81900.0,1,0,11065,1,17459
631,0.3180495881567458,64900.0,0,0,12990,1,14453
642,0.33755397256137193,74500.0,1,0,14899,1,16880
633,0.3167595277877898,62000.0,0,0,47001,1,13851
631,0.27715073933184603,39700.0,1,0,31621,0,0
681,0.054502880726811254,61800.0,0,0,18481,1,14853
627,0.1702329954796825,44000.0,1,0,32384,1,9736
591,0.2490427722535643,60000.0,0,0,39511,1,12515
621,0.22759751045289756,79800.0,0,0,49163,1,17490
528,0.37003761551856007,89300.0,1,0,37333,0,0
554,0.2681175129869111,54000.0,1,0,17959,1,10558
659,0.27121078943863486,37300.0,0,0,24538,0,0
653,0.3657402970900243,59300.0,0,0,43716,1,13666
535,0.10775648252264239,-400.0,0,0,25741,0,0
633,0.15507345029919847,66400.0,0,0,45375,1,14834
731,0.44935406315555426,19900.0,1,0,19877,1,5134
674,0.3637347224858723,78800.0,0,0,8780,1,18745
728,0.3293643005826284,57800.0,0,0,31324,1,14851
618,0.47808600361621956,66000.0,1,0,46005,1,14395
630,0.15802638060173577,67600.0,0,0,40557,1,15031
555,0.025985700900963915,59300.0,2,1,44306,0,0
717,0.2619810181865203,49900.0,1,1,44046,0,0
702,0.4681782213854857,40600.0,1,0,24549,1,10059
648,0.3374151456321081,44500.0,1,0,22973,1,10177
693,0.06608463313106619,62200.0,0,0,32046,1,15213
619,0.22804216548507958,68400.0,0,0,43384,1,14943
694,0.08617269430467892,63200.0,0,1,46015,0,0
636,0.14345109749594248,90200.0,1,0,32293,0,0
680,0.5018294780327848,52900.0,0,0,7966,1,12696
645,0.4410808790443896,65500.0,1,0,29038,1,14910
658,0.07391871512156473,11200.0,1,0,19431,1,2601
776,0.22606225875761216,33500.0,1,0,31563,1,9175
660,0.09707011665539417,30600.0,0,0,26684,1,7128
689,0.6386024701788265,48600.0,0,0,44203,0,0
619,0.3729886019602585,43900.0,1,0,42717,1,9590
710,0.4884920403980221,87300.0,0,0,28784,0,0
551,0.034606325871553045,900.0,0,0,37166,1,175
640,0.5513310319682322,37800.0,2,0,26416,1,8538
605,0.22004938772604984,14400.0,0,0,13296,1,3074
660,0.4872702059134138,85400.0,1,0,19808,0,0
677,0.23142387792854563,63800.0,1,0,27143,1,15244
654,0.20778283894371227,54600.0,1,0,36945,0,0
649,0.1683936323129938,33000.0,1,0,19045,1,7558
453,0.12697949240531867,78100.0,0,0,23486,0,0
770,0.22411455894114532,44900.0,1,0,9804,1,12202
556,0.47682651660384656,51600.0,0,0,10796,1,10125
526,0.5777010179236617,48800.0,0,0,24460,0,0
588,0.12599898748191607,61500.0,0,0,39016,1,12763
645,0.43057979013230335,31700.0,1,0,27264,0,0
743,0.33026415726104424,61700.0,1,0,5453,1,16179
698,0.4017410550584614,38000.0,0,0,35607,0,0
763,0.20758931769955144,60200.0,1,0,9164,1,16211
629,0.4257823389470436,73900.0,2,0,41061,0,0
658,0.12073043230275154,57100.0,0,0,44136,1,13260
729,0.25342113665365895,46100.0,0,0,25714,1,11861
761,0.12293092721518767,47900.0,1,0,37057,1,12865
727,0.23209647772357,47800.0,0,0,6503,1,12264
678,0.24338648983045053,47200.0,0,0,49826,1,11294
666,0.0,29300.0,1,1,17264,0,0
456,0.12212063119270075,85300.0,1,0,38573,0,0
625,0.093405676609185,78700.0,0,0,45499,1,17360
693,0.35244329588039797,29500.0,1,0,16348,1,7215
645,0.4721349678217047,35000.0,0,1,33895,0,0
570,0.122694366141474,60500.0,1,0,40263,1,12171
648,0.3655639026386187,73100.0,0,0,46932,0,0
670,0.3198896508039151,54200.0,0,0,25824,1,12816
599,0.3089998813284759,102700.0,1,0,30660,1,21711
605,0.3853539008291145,9800.0,0,0,41753,1,2092
689,0.007438169751389001,35200.0,0,0,6750,1,8559
694,0.28193749289701514,55200.0,0,0,43727,0,0
636,0.3521096229652143,47100.0,0,0,43286,1,10572
672,0.513768777988056,49400.0,0,0,48558,1,11716
677,0.17308541979906578,52400.0,2,0,5834,1,12520
731,0.3152445080300137,49600.0,2,0,43140,1,12796
530,0.32232131425193855,-400.0,0,0,42409,0,0
722,0.4237242512814724,84000.0,2,0,24976,1,21405
679,0.4345195998049852,46100.0,1,0,20136,1,11047
587,0.1817885619144493,58000.0,0,0,12449,1,12016
602,0.21876511850836722,78500.0,0,0,44751,0,0
749,0.2833212846768982,43800.0,1,0,16359,1,11578
742,0.2447522515265639,55500.0,0,0,32576,1,14534
660,0.3806391024405361,84400.0,0,0,7092,0,0
774,0.35661775631386144,24900.0,0,0,20995,1,6802
644,0.24098655878964062,67300.0,1,0,19324,0,0
666,0.42297564330974646,55700.0,1,0,40603,1,13092
536,0.25104996514389466,15000.0,0,0,44848,0,0
615,0.1875235615937722,44500.0,0,0,49937,1,9659
672,0.27575598773071563,48600.0,0,0,44914,0,0
641,0.21075278561862437,67100.0,2,0,9797,1,15180
817,0.04379477135395288,77400.0,0,0,7696,1,22318
468,0.49128086046486674,54900.0,2,0,18972,0,0
684,0.39149140094014223,56800.0,0,0,44082,1,13712
659,0.19349768356626715,34800.0,1,0,24036,1,8094
572,0.09941363761217323,47500.0,0,1,47338,0,0
594,0.057787520656300356,51900.0,0,0,40413,1,10880
652,0.31163780842295863,31300.0,0,0,39094,1,7202
637,0.42978919402851845,36600.0,1,0,42152,1,8228
610,0.1443442766948287,88200.0,0,0,7503,0,0
689,0.061707471255023044,45200.0,1,0,43545,1,10991
570,0.21095619942281096,51800.0,1,0,22462,0,0
624,0.2738430438894149,33100.0,1,0,43021,1,7289
668,0.5074149005313967,31100.0,0,0,33016,0,0
581,0.2843986158412957,66500.0,1,1,6700,0,0
704,0.36237040885806676,46500.0,0,0,15114,1,11553
735,0.17573912220536936,36700.0,0,0,48096,1,9520
607,0.2775435266963993,48600.0,2,0,34266,1,10411
605,0.22695076241375878,22100.0,0,1,8071,0,0
600,0.05497386628506465,47000.0,0,0,30478,1,9952
566,0.1770919754251814,31600.0,2,0,18368,1,6312
618,0.3468015768910074,61900.0,0,0,31041,0,0
682,0.18880814935863982,28200.0,0,1,40043,0,0
603,0.27926335060154095,65300.0,1,0,21960,0,0
727,0.2543565055923973,39200.0,1,0,37135,1,10058
645,0.18532168447581757,38000.0,0,0,20832,0,0
629,0.6060200828995378,32700.0,0,0,17207,0,0
629,0.07893616479849033,47200.0,1,0,40887,1,10478
625,0.32027643620140034,76100.0,0,0,46850,1,16786
699,0.4765949344501659,58800.0,0,0,23188,1,14506
604,0.585560283629952,49300.0,1,0,19124,1,10509
681,0.2503463498687879,24300.0,0,0,32583,1,5840
581,0.1598167409577119,60900.0,1,0,13732,1,12488
690,0.1252197000052067,33700.0,0,0,41519,1,8206
663,0.21733256399390566,47500.0,0,0,42079,1,11115
617,0.3248788540198009,58000.0,1,0,13409,1,12630
681,0.37042533785279497,16900.0,0,0,30038,1,4061
553,0.1976193005788765,47600.0,0,0,30950,1,9290
670,0.27097264237114,78900.0,2,0,31764,1,18657
679,0.5382258382194615,44300.0,1,0,25602,0,0
758,0.38540612352355685,61800.0,2,0,49530,0,0
609,0.0,26400.0,0,0,13634,1,5674
583,0.2323509100310385,33100.0,0,0,35594,1,6810
787,0.19284723250738206,41800.0,0,0,7678,1,11610
621,0.7564994243249106,43100.0,0,0,29019,0,0
643,0.062214420518467095,48800.0,0,0,41930,1,11074
683,0.3810946089267878,43600.0,1,0,9345,0,0
531,0.32617508538156154,35200.0,0,0,49636,0,0
636,0.25320202738945174,26500.0,1,0,16980,1,5948
595,0.5988548495768917,36100.0,1,0,44742,0,0
722,0.14237264632246815,46600.0,0,0,32678,1,11874
691,0.18417717587223,19600.0,0,0,10493,0,0
669,0.4496816723691382,67300.0,0,0,12769,0,0
722,0.23190608515184774,51200.0,1,0,35031,1,13046
589,0.4583171648553048,31500.0,0,0,46599,1,6548
759,0.1659014288295603,56000.0,1,0,26647,1,15001
681,0.3133797294918857,36600.0,0,0,5113,0,0
672,0.0,59500.0,0,0,18526,1,14111
665,0.3844649891326088,49000.0,1,0,20258,1,11500
756,0.17784244574094246,56500.0,0,0,29910,1,15075
671,0.43985449987095715,20500.0,0,0,23516,1,4854
564,0.035082101610448724,14800.0,2,1,10244,0,0
726,0.4608662392739885,42100.0,0,0,25344,1,10787
580,0.10882186891723042,74900.0,0,0,24997,1,15332
628,0.047631595359462264,37200.0,0,0,33095,0,0
593,0.3227308321237906,43600.0,1,0,45891,1,9125
691,0.3422610822699433,49800.0,2,0,6626,1,12145
791,0.0656298657562499,57800.0,0,0,9448,1,16136
785,0.49786568062479486,36000.0,0,0,19817,0,0
566,0.5272682731148097,33000.0,0,0,23167,1,6592
719,0.3092393783059016,62500.0,0,0,48598,1,15860
630,0.17173770518008638,31300.0,1,0,5818,1,6959
555,0.2623412747701887,36700.0,0,0,12718,1,7188
773,0.13894852566491242,62100.0,0,0,32483,1,16942
806,0.0349072193997601,38300.0,0,0,29165,1,10895
726,0.3868614451313254,86200.0,0,0,13421,1,22087
498,0.269964999691496,37400.0,0,0,42815,0,0
607,0.4546852357611002,57900.0,1,0,30666,0,0
684,0.21253157530135527,48300.0,0,0,22938,1,11660
513,0.11899754193836715,55900.0,0,0,35815,0,0
728,0.3040700772272756,56100.0,2,0,38637,1,14414
600,0.19736367292271345,28200.0,1,0,28072,1,5971
720,0.641976822446177,50000.0,0,0,42451,0,0
694,0.004515480983910192,52100.0,0,0,24382,1,12761
577,0.2408813294163312,62100.0,0,0,26441,1,12646
740,0.2771971641550953,50800.0,2,0,21469,1,13267
615,0.7202059484452468,28200.0,0,0,11336,0,0
689,0.28837758385021706,33900.0,0,0,47078,0,0
635,0.2836210358249171,59200.0,1,0,13477,1,13267
740,0.25716875620391644,74000.0,0,1,22494,0,0
658,0.5689671491411245,36300.0,1,0,40313,1,8430
748,0.12321408228447395,63500.0,0,0,47215,1,16764
577,0.36427849436206383,53300.0,0,0,46596,1,10854
686,0.6223059440905576,77600.0,1,0,21038,0,0
692,0.4868870772927686,7700.0,0,1,35246,0,0
596,0.24306598876062616,43900.0,0,0,13928,1,9234
718,0.14995942158348174,80200.0,0,0,11340,1,20323
737,0.6344459150134797,29900.0,0,0,30086,0,0
612,0.41547313547366793,79900.0,1,0,14904,0,0
631,0.28787766402546633,71100.0,0,0,29041,1,15834
609,0.30658507996850826,55800.0,1,0,31158,1,11993
571,0.29855713822569707,64700.0,1,0,47936,1,13038
591,0.13136998545795328,24400.0,1,1,35529,0,0
522,0.17432350559661658,31100.0,1,0,43739,0,0
590,0.5292634951954722,33600.0,1,0,16804,0,0
699,0.2481685887873764,54000.0,1,0,40918,0,0
673,0.14632725014768422,31300.0,0,1,22871,0,0
578,0.2973108047625302,34000.0,1,1,49117,0,0
607,0.37952725431050727,65400.0,0,0,38885,1,14010
597,0.4815249143047978,68400.0,0,0,47796,1,14412
611,0.39658054655563674,72300.0,2,0,22375,0,0
790,0.325668145096099,85900.0,1,0,25107,0,0
672,0.23661473714681722,38100.0,1,0,11782,0,0
727,0.1888718660279009,36600.0,0,0,20097,1,9391
799,0.09537146592786602,4600.0,2,0,5414,1,1297
779,0.43029783618933315,46400.0,0,0,17915,0,0
665,0.31789674508061855,67800.0,1,0,20781,1,15913
471,0.0,22300.0,1,0,24444,0,0
577,0.5336085236474499,53900.0,1,0,29741,0,0
771,0.4831128904882106,62300.0,2,0,9913,1,16952
553,0.0003467784771608584,77000.0,0,0,18621,0,0
595,0.2911231333784333,40400.0,0,0,17854,0,0
680,0.1683466831371238,44000.0,1,0,16140,0,0
737,0.22838950074776054,68100.0,1,0,10697,1,17714
647,0.12819124171726395,51300.0,1,0,15512,1,11714
589,0.3084369810240646,57300.0,0,0,29790,1,11911
728,0.35077507296453725,67500.0,1,0,44740,1,17343
740,0.4706786663954058,45700.0,0,0,26303,1,11935
570,0.009331476572775665,50000.0,1,0,25225,1,10058
663,0.10171111798807916,37400.0,0,0,45177,1,8751
679,0.3820546663578588,69500.0,0,0,10547,1,16655
665,0.23295336707909386,44000.0,0,0,43037,1,10327
687,0.06643128588494557,60600.0,2,0,20084,0,0
550,0.0,39800.0,0,0,8934,1,7725
601,0.30740960203730755,65800.0,0,0,15114,1,13957
810,0.6075299088075021,67700.0,0,0,20635,0,0
560,0.16688768734547513,76600.0,1,0,33738,1,15139
637,0.21628775935291988,45800.0,0,0,7231,1,10296
635,0.4463478958182158,108300.0,0,0,14438,1,24271
610,0.506332787004481,42400.0,0,0,45800,0,0
727,0.1607868577408088,57400.0,1,1,7699,0,0
707,0.2417239399321721,48600.0,1,0,43285,1,12127
749,0.38395571633009695,19800.0,0,0,36471,0,0
648,0.21108011502320295,11900.0,1,0,35466,0,0
620,0.41636700442834873,62500.0,0,0,42858,1,13676
695,0.25438412027650303,71200.0,0,0,10392,0,0
540,0.20546518895303412,57900.0,1,0,42006,0,0
643,0.4879587315365871,54900.0,0,0,29886,1,12459
602,0.38548145639692843,82100.0,0,0,20545,0,0
621,0.1879944155578656,41400.0,0,0,27770,0,0
516,0.3499229698414793,100500.0,0,0,31092,0,0
585,0.37163832293295074,50700.0,0,0,25578,1,10468
752,0.0,52500.0,1,0,49003,1,13934
442,0.5264285989048281,58600.0,1,0,38291,0,0
726,0.5198753967904445,51600.0,1,0,6705,1,13221
634,0.41967819518130445,56200.0,2,0,26819,1,12575
601,0.5443218921621334,62700.0,0,0,45130,1,13299
629,0.41862346818816093,36400.0,0,0,11799,1,8080
662,0.05239807218639608,34600.0,1,0,8316,0,0
786,0.24900244164727212,64100.0,0,0,13553,1,17782
636,0.2841437878536468,51300.0,1,0,31499,0,0
593,0.18763399548146337,52500.0,3,0,14048,0,0
530,0.04248039446357549,33200.0,2,0,39593,0,0
647,0.07976059695569296,39000.0,0,1,21841,0,0
681,0.07773482265396256,81400.0,1,0,30320,1,19564
687,0.4249458270501082,33400.0,0,0,44653,1,8098
680,0.48483063561208667,23800.0,0,0,37263,1,5712
653,0.28976955412146727,55000.0,0,0,31107,1,12675
484,0.3087287441979908,39000.0,0,0,22267,0,0
722,0.043473734791230845,40200.0,0,0,35127,1,10243
599,0.2797514658034408,40900.0,0,0,35176,0,0
555,0.42523760211401307,89000.0,1,0,6236,1,17433
601,0.5548718372284802,31500.0,1,0,27676,1,6681
752,0.0,66100.0,0,0,9884,1,17543
521,0.33111308774421494,71300.0,0,0,29830,0,0
551,0.33052230051784315,33800.0,2,0,47040,0,0
631,0.45402383933805834,42600.0,1,0,25601,1,9487
647,0.3915659729714239,12400.0,0,0,48508,1,2831
681,0.44886545417776863,78300.0,0,0,38853,1,18819
706,0.285299854982499,3300.0,1,0,15873,1,822
557,0.21344933404091954,53600.0,0,0,12302,1,10537
674,0.2637483053230094,34200.0,0,0,36463,0,0
600,0.07439535147767329,51900.0,1,0,31895,1,10990
727,0.27751829497167474,64000.0,1,0,46669,1,16421
552,0.5172369023054865,29700.0,0,0,28826,0,0
635,0.46868899420847376,80000.0,0,0,6958,1,17929
595,0.3338403737578871,44600.0,0,0,7716,1,9366
626,0.010144186875628736,51600.0,0,0,46382,1,11400
705,0.3391299262082964,65200.0,0,0,22436,1,16223
579,0.21957401716490021,91100.0,1,0,18659,1,18616
709,0.25555455037438396,88300.0,0,0,6562,1,22095
660,0.25343340291845073,88600.0,0,0,46006,1,20638
773,0.06948157290205276,41500.0,1,0,39500,1,11322
691,0.21217400827204025,63500.0,0,0,25392,1,15486
617,0.6084878731061394,70500.0,1,0,5573,0,0
635,0.14615960861309232,53200.0,0,0,29112,1,11923
558,0.17421290107777465,58000.0,1,0,32392,1,11422
624,0.0,26100.0,0,0,16205,1,5748
702,0.3760748638823331,40400.0,0,0,27045,1,10009
660,0.49803644508790007,53700.0,0,0,14056,1,12508
636,0.34422460338145416,56200.0,0,0,32984,0,0
538,0.012204886370889345,49200.0,0,0,44702,0,0
638,0.5676838333280378,34500.0,0,0,38796,1,7768
673,0.14385245235678068,12700.0,1,0,49359,1,3016
630,0.26408173593516243,90800.0,2,0,30302,0,0
732,0.15935297948900196,63900.0,0,0,14470,1,16508
533,0.3768256678930786,43800.0,1,0,47090,0,0
678,0.05737653311376398,77500.0,1,0,38852,1,18545
525,0.33677081574669016,33400.0,0,0,6079,0,0
658,0.18293930911070588,49800.0,0,0,33290,1,11565
635,0.0,55200.0,0,0,6847,0,0
612,0.3229941002821538,39700.0,0,0,9765,0,0
579,0.14253462460841987,79400.0,1,0,21691,1,16225
605,0.23562757595000938,35800.0,1,0,11803,1,7644
746,0.35257496576870967,64100.0,2,0,36532,1,16877
705,0.3436925498535384,73100.0,0,0,9800,1,18189
586,0.411441759432018,89100.0,1,0,15605,0,0
632,0.5006133062359084,72000.0,0,0,23801,1,16060
554,0.5039077834846116,82200.0,0,0,37625,1,16072
662,0.38991535196616245,72800.0,2,0,40031,0,0
733,0.33824770987166053,35100.0,0,0,24757,1,9080
668,0.11694088026538751,40600.0,3,0,42355,1,9572
620,0.22569816196799034,65100.0,0,1,23514,0,0
628,0.42220960824325227,10100.0,0,0,16371,1,2238
738,0.2865381995977329,22200.0,0,0,36912,1,5782
700,0.35219131754979327,38700.0,0,1,35450,0,0
666,0.45331470821189246,55600.0,0,0,31693,1,13069
575,0.30207377869287055,55700.0,0,1,15904,0,0
614,0.44901071690144106,49100.0,2,0,49186,1,10640
627,0.26844635943346323,41600.0,1,0,23612,0,0
657,0.4084667417772817,10000.0,1,0,25870,1,2318
608,0.14776251438013743,28400.0,1,0,22456,0,0
607,0.19095921036419583,57700.0,1,1,21809,0,0
701,0.4984840421662369,79100.0,0,0,32951,1,19570
634,0.2942579601421303,33100.0,0,0,21255,1,7406
539,0.23428907148280392,41400.0,0,0,26675,0,0
653,0.4618628657020779,50800.0,0,0,12766,1,11707
577,0.10983101920818703,-1600.0,1,0,23110,1,-325
666,0.597506039913386,57800.0,1,0,34751,1,13586
705,0.2445592408146789,70900.0,0,0,49483,1,17641
741,0.0339795900485278,65800.0,1,0,12591,1,17208
599,0.5123904472693416,53700.0,0,0,44889,1,11352
725,0.038691908734225455,30000.0,0,0,31178,1,7676
643,0.3715506790522567,18700.0,0,0,42600,1,4243
618,0.07322879137062072,51000.0,0,0,36234,0,0
767,0.3099141369448464,58000.0,0,0,45314,1,15700
605,0.3010477374383908,55800.0,0,0,33786,1,11914
747,0.22632557114448698,92900.0,0,0,20113,1,24492
628,0.2802442731098082,43300.0,0,0,27013,0,0
686,0.3548050405702897,41000.0,0,0,47346,1,9926
722,0.5168300386526421,81900.0,0,0,35609,1,20870
623,0.35670740386871697,67800.0,1,0,10672,0,0
603,0.16059453011109587,26200.0,0,0,13799,1,5575
541,0.20923836637052673,62800.0,1,0,28988,0,0
709,0.3001286001368947,52100.0,0,0,10001,1,13037
647,0.11829594728414078,60300.0,0,0,19541,1,13769
587,0.2704612160281229,71100.0,0,0,32589,1,14730
633,0.26730736406346917,51900.0,0,0,20400,1,11595
669,0.6278546833632269,24500.0,0,0,47755,0,0
655,0.24019473262752158,47400.0,0,0,45640,0,0
654,0.3044608546434233,37100.0,0,1,22675,0,0
732,0.31048319938041125,70300.0,0,0,31594,1,18162
816,0.3733268834719482,75600.0,2,0,21012,1,21772
609,0.29776119413355595,46500.0,0,0,24128,1,9994
629,0.05940573728600859,48100.0,1,0,41902,1,10678
678,0.29627545288100293,52000.0,0,0,18935,1,12443
580,0.3022980193591726,64600.0,0,0,41491,0,0
658,0.354421241482903,39800.0,0,0,24728,1,9242
664,0.6466931797229043,46500.0,1,0,32099,0,0
613,0.4307697797225396,75000.0,1,0,46138,1,16226
590,0.2905845863259883,51600.0,0,0,31004,1,10744
524,0.21365424476966144,57300.0,1,1,18525,0,0
720,0.3573811230742601,65200.0,2,0,34293,0,0
612,0.3702839698622913,46300.0,0,0,49471,1,10000
581,0.2775090330348804,61900.0,0,0,40390,1,12693
661,0.41855235130384333,40200.0,0,0,5188,1,9378
799,0.21324193174148406,83200.0,0,0,7370,1,23462
670,0.26673574955512525,29000.0,0,0,5748,1,6857
661,0.48484257442662465,18600.0,0,0,36632,0,0
621,0.5546683786103533,58600.0,1,0,20081,1,12843
737,0.20417299520736004,38100.0,0,1,13842,0,0
572,0.47114167985299293,55800.0,0,0,25744,1,11265
534,0.3910577626613754,22600.0,0,0,7685,0,0
774,0.5319598030784743,85100.0,0,0,27686,1,23247
570,0.19555708756321172,67300.0,0,0,36247,0,0
806,0.4845715927527443,15800.0,2,0,38479,1,4494
680,0.0997421520087706,36100.0,1,0,20759,1,8664
618,0.2804570626074125,80300.0,1,0,39862,1,17514
616,0.15132086735631683,48600.0,1,0,37883,1,10566
473,0.27040648663198963,57600.0,0,0,40137,0,0
475,0.09925986428421105,5800.0,0,0,37017,0,0
628,0.33296614952172265,48300.0,0,0,36501,0,0
455,0.02303675114212489,41500.0,1,0,12773,0,0
680,0.14371696012839474,44300.0,0,0,13332,1,10632
671,0.3204293794208247,94600.0,0,0,35424,1,22403
657,0.3385027846337218,47000.0,0,0,45712,1,10898
669,0.3416542350652115,31000.0,1,0,30155,1,7319
728,0.2367899845345464,62100.0,1,0,49381,1,15956
730,0.18426673349870792,77400.0,2,0,47827,1,19941
626,0.26075046236538363,-13900.0,2,0,49768,1,-3071
443,0.33671769294052495,74200.0,0,0,5842,0,0
609,0.3521874117181325,37400.0,0,1,12054,0,0
632,0.41043411677476904,69900.0,2,0,23780,1,15591
584,0.20181525876064044,58500.0,0,0,38380,1,12057
644,0.4213966355896951,94700.0,0,0,43029,1,21524
619,0.4394053553248952,30900.0,0,0,42364,1,6750
636,0.5282286848640122,49200.0,1,0,28839,1,11043
631,0.31587539965146005,50300.0,2,0,19335,1,11202
690,0.26936260318810334,21200.0,0,0,15344,1,5162
608,0.5748179411365952,35600.0,0,0,7414,1,7639
659,0.4394455009077534,5700.0,2,0,27364,0,0
633,0.22950631902402727,34200.0,0,0,18105,1,7640
664,0.2627282064202545,62400.0,1,0,22135,1,14623
638,0.05174268973582152,29200.0,0,0,8205,1,6575
648,0.12486493242835381,32600.0,1,0,9707,1,7455
736,0.24540890349789157,54700.0,0,0,17209,1,14209
626,0.20309537507657932,49800.0,0,0,13150,0,0
731,0.3891763503947204,33400.0,0,0,39223,1,8617
636,0.683934337548491,55400.0,2,0,45018,0,0
774,0.2569994821404391,38100.0,0,0,29854,1,10408
679,0.47664624272778267,38700.0,2,0,35798,0,0
707,0.20460348350971497,38400.0,1,0,47580,1,9581
707,0.026084771967492315,49800.0,0,0,29616,1,12426
753,0.18648294494686993,52900.0,0,0,16155,1,14058
690,0.3878719475331983,66500.0,0,0,15694,1,16194
584,0.2661027681983906,56600.0,2,0,24447,1,11666
688,0.1956255080411587,71100.0,0,0,13042,0,0
705,0.3638059660198482,45400.0,0,0,46126,1,11296
702,0.18468497571589604,35500.0,0,0,21339,1,8795
606,0.2130776538754241,25500.0,0,0,14420,1,5454
590,0.40612308108080425,36500.0,0,0,5929,0,0
611,0.34236757338978585,35800.0,0,0,18759,1,7720
644,0.10402111623457286,47700.0,2,0,14299,0,0
574,0.48804281583506887,56000.0,0,0,8836,1,11344
599,0.3158389707226561,84200.0,1,0,31910,0,0
511,0.4037743186967603,71600.0,1,0,6362,0,0
637,0.4585835612652924,62300.0,0,0,21156,0,0
743,0.3603393516996566,46700.0,0,1,29046,0,0
579,0.3773273451022639,35100.0,1,0,30377,1,7172
689,0.06833176363746687,73700.0,0,0,24541,0,0
583,0.20882466532172417,72000.0,1,0,19805,1,14815
611,0.2737578958506163,26000.0,1,0,30575,0,0
711,0.05646193715477424,52200.0,2,0,41469,0,0
577,0.31881130192137663,94200.0,0,0,29559,1,19183
628,0.4987560192375311,43600.0,1,0,5209,0,0
722,0.22196864798188784,10300.0,2,0,16023,1,2624
674,0.42806396157346716,52400.0,0,0,28612,1,12465
775,0.312374374529384,41700.0,1,0,38665,0,0
585,0.10622350987337836,36800.0,1,0,46531,0,0
634,0.22689705911849106,77800.0,0,0,11872,1,17408
797,0.16997121267479465,71400.0,0,0,11383,1,20084
683,0.4888141859640103,60900.0,0,0,45015,1,14680
680,0.3482998696400741,40700.0,0,0,26047,1,9768
621,0.5977839803507035,53300.0,0,0,41750,1,11682
621,0.28115026733156356,58400.0,2,0,45006,1,12799
575,0.0,51500.0,0,0,45810,1,10451
545,0.18528475652211995,12800.0,0,0,14305,0,0
668,0.37149202605297216,60100.0,0,0,26159,0,0
668,0.18537287524898013,37900.0,0,0,44694,1,8935
650,0.19588238945322972,40100.0,0,0,19080,1,9199
705,0.11805395406023855,74400.0,0,0,15937,1,18512
643,0.4276370743720207,30600.0,0,0,23123,0,0
736,0.2829544721576854,10800.0,0,0,17054,1,2805
756,0.36041874328331397,101900.0,0,0,40102,1,27189
809,0.3666447924913643,30400.0,0,0,27240,1,8680
674,0.33487254337700084,43400.0,1,0,37302,1,10324
654,0.13269309593908463,104000.0,1,0,5990,1,24005
627,0.4277013183259706,20700.0,1,0,34344,1,4580
549,0.19845445634080544,46900.0,1,0,37457,0,0
548,0.23505211367802065,46000.0,0,0,5093,0,0
658,0.41476859609155586,64800.0,3,0,36726,0,0
800,0.3107320060549501,59300.0,1,0,9173,1,16743
682,0.14999630394657346,67900.0,0,0,14016,1,16343
748,0.11484638231560185,71200.0,2,0,22104,1,18796
674,0.21448869912230192,33700.0,2,0,28513,1,8016
607,0.47279783487711835,69400.0,1,0,7345,0,0
604,0.03116006913242103,93200.0,0,0,7399,1,19868
707,0.4269853919407617,45100.0,0,0,49071,0,0
755,0.3241463246380733,24600.0,1,0,10829,1,6555
650,0.22644651052129752,41600.0,0,0,26685,1,9543
658,0.39482274445361587,94100.0,0,0,11789,0,0
564,0.5967655380204187,55100.0,0,0,46461,1,10968
747,0.03778987921293214,18300.0,1,0,37637,0,0
536,0.3969437855537553,41400.0,2,0,12971,0,0
698,0.1557990624289104,44100.0,2,0,26791,1,10864
733,0.38464520267128605,27400.0,0,1,7871,0,0
655,0.23697645871160927,39500.0,0,0,38713,0,0
623,0.3362099949401864,-3100.0,0,0,25736,1,-681
649,0.4589700049220472,51500.0,0,0,35140,1,11796
619,0.012619646053732725,37600.0,0,0,13644,0,0
624,0.1270647084528926,8600.0,2,0,48490,1,1894
717,0.0,85400.0,0,0,49168,1,21611
706,0.2763416332395149,69300.0,0,0,45020,1,17267
570,0.4002499844409241,57200.0,1,0,29834,1,11507
567,0.26207710270082385,62900.0,0,0,44851,0,0
599,0.5915950235662694,79100.0,1,0,26959,1,16722
595,0.1638150066291813,58100.0,1,0,16324,1,12201
616,0.23863613367652636,68500.0,2,0,17116,0,0
620,0.08638487254083507,51900.0,0,0,46478,1,11356
553,0.09622808984724177,59500.0,1,0,23364,1,11613
598,0.09723040831608176,76500.0,0,0,44820,1,16146
768,0.45042146279327105,60200.0,1,0,6329,1,16317
648,0.3119935480148641,40000.0,1,0,32056,1,9148
489,0.08835485162205772,73400.0,0,0,48399,0,0
604,0.2205217934109388,36600.0,0,0,8691,0,0
657,0.35352427479869414,51900.0,0,0,19422,1,12034
637,0.29957639953660514,32600.0,2,0,19608,1,7329
641,0.18872690374473627,54700.0,1,0,43803,0,0
619,0.45289012171837917,46900.0,2,0,22846,1,10246
663,0.24299195240995397,90200.0,0,0,12180,1,21106
588,0.3548086176543215,79300.0,2,0,14408,1,16457
